case,seed,n_buckets,best,cov_svi,width_svi,abserr_svi,cov_spline,width_spline,abserr_spline,cov_union,width_union,abserr_union,excess_p90,excess_max
lognormal_30d,0,40,svi,0.75,4.9925998229475744e-05,1.6694570208820522e-05,0.625,4.3082741027873366e-05,1.6716469029555077e-05,0.875,5.1593380132013797e-05,1.6694570208820522e-05,2.917074886615866e-07,2.4660340940292624e-06
lognormal_30d,1,40,svi,0.8,5.488434326266834e-05,2.0118252359927964e-05,0.6,4.276113450925063e-05,1.822527068202455e-05,1.0,5.9640348221392996e-05,2.0118252359927964e-05,0.0,0.0
lognormal_30d,2,40,svi,0.875,5.5462204276493594e-05,1.5992220808226306e-05,0.5,3.9746734702824934e-05,1.603868355623088e-05,0.875,5.573679462719484e-05,1.5992220808226306e-05,1.5060778032757062e-06,4.254863566182515e-06
lognormal_30d,3,40,svi,0.9,0.00010593312231596021,2.111269196808825e-05,0.575,4.0937173205680096e-05,1.4926785239733827e-05,0.9,0.00011160895733823627,2.111269196808825e-05,1.1055621127742544e-07,1.7584496202101285e-06
lognormal_30d,4,40,svi,1.0,7.636206181833813e-05,8.739111324284135e-06,1.0,4.194312762040619e-05,5.596723777600079e-06,1.0,7.95395343321269e-05,8.739111324284135e-06,0.0,0.0
lognormal_30d,5,40,spline,1.0,4.377554738225031e-05,2.253672612688093e-06,1.0,4.107158872050328e-05,2.3966389150625185e-06,1.0,4.625749334292275e-05,2.3966389150625185e-06,0.0,0.0
lognormal_30d,6,40,svi,1.0,8.186853898253148e-05,2.0304305434020246e-05,1.0,4.405797030916383e-05,3.622785190211461e-06,1.0,8.550798776006067e-05,2.0304305434020246e-05,0.0,0.0
lognormal_30d,7,40,svi,1.0,4.845893886887766e-05,1.0334135599644397e-05,0.925,4.497442931831628e-05,1.0406752839179843e-05,1.0,5.173680036472113e-05,1.0334135599644397e-05,0.0,0.0
lognormal_30d,8,40,spline,1.0,5.122933307892814e-05,9.62718124614785e-06,1.0,4.6001254083679995e-05,9.704883342208024e-06,1.0,5.307953595513502e-05,9.704883342208024e-06,0.0,0.0
lognormal_30d,9,40,svi,1.0,5.230111075408758e-05,6.005688664588102e-06,1.0,4.5207849070611186e-05,6.088544175468155e-06,1.0,5.690244982186677e-05,6.005688664588102e-06,0.0,0.0
lognormal_30d,10,40,spline,1.0,6.223975554629636e-05,4.9832427286910366e-06,1.0,4.990772119272263e-05,5.062704802267712e-06,1.0,6.350994889272637e-05,5.062704802267712e-06,0.0,0.0
lognormal_30d,11,40,svi,0.75,0.00013086160101639146,3.889766745938002e-05,0.875,4.439920533894069e-05,2.0518840973770062e-05,0.9,0.00013361238096479332,3.889766745938002e-05,6.9341607490670406e-09,1.319287351482512e-06
heston_30d,0,40,spline,0.05,0.0001034523785636403,0.0003277116748712311,0.9,0.0003321408462958791,7.933528198466877e-05,0.9,0.0005569977766976452,7.933528198466877e-05,9.633269651698888e-08,3.450596113716009e-05
heston_30d,1,40,spline,0.05,0.00010424535063471201,0.00029864797922428686,0.75,0.0003660400945321319,0.00014306379639331124,0.825,0.0005749503221601387,0.00014306379639331124,3.200452288148073e-05,6.0860980708260515e-05
heston_30d,2,40,spline,0.05,0.00010837420099093593,0.00030761914234853636,0.9,0.00032274356269414113,7.544093335845047e-05,0.9,0.0005288308711007361,7.544093335845047e-05,4.7677390271998867e-07,4.998465927054732e-05
heston_30d,3,40,spline,0.05,9.145534280350729e-05,0.00029522941231866493,1.0,0.0003152116881989102,7.880179815103194e-05,1.0,0.0005313279275795632,7.880179815103194e-05,0.0,0.0
heston_30d,4,40,spline,0.075,0.00010140541475727629,0.00026326138593975036,0.5,0.00031968668291642785,0.00014351685868881358,0.9,0.0005790375074979104,0.00014351685868881358,1.384141029029554e-06,7.121073650496329e-05
heston_30d,5,40,spline,0.05,0.0001012603534739477,0.0002967832260293707,0.9,0.0003423636899457901,4.929992761090462e-05,0.95,0.0005406125427149511,4.929992761090462e-05,0.0,2.6105637087959002e-05
heston_30d,6,40,spline,0.05,9.083205209012785e-05,0.00030776647329909534,0.975,0.000345899122694901,7.456195346656757e-05,0.975,0.0005864823860599095,7.456195346656757e-05,0.0,1.879505036933571e-05
heston_30d,7,40,spline,0.05,9.765897545783676e-05,0.0002987494228148313,0.95,0.0003289217039228461,7.050925437418198e-05,0.95,0.0005052716508416597,7.050925437418198e-05,0.0,7.091649108689757e-05
heston_30d,8,40,spline,0.05,9.871862476444818e-05,0.00029891003461325063,0.8,0.00032456650362172016,9.739851126564225e-05,0.825,0.0005126850417093265,9.739851126564225e-05,1.9712528227178175e-05,6.041192190778255e-05
heston_30d,9,40,spline,0.05,9.184656891441947e-05,0.0002877311990387904,0.875,0.0003723779974543694,0.00011335276580336229,0.95,0.0005567237757405087,0.00011335276580336229,0.0,1.5599278826772256e-05
heston_30d,10,40,spline,0.05,9.822811948262798e-05,0.00027613935085155636,0.6,0.00031797864403704083,0.00014984646028990968,0.8,0.0005387335291422897,0.00014984646028990968,5.004454303647114e-05,0.00016518763806329037
heston_30d,11,40,spline,0.05,0.00011189300864519863,0.00028879219245236677,0.975,0.00035307281061927587,5.839500421691845e-05,1.0,0.0005564912316840711,5.839500421691845e-05,0.0,0.0
event_bimodal_7d,0,30,spline,,,,0.8,0.002096805468788871,0.000668063647739423,0.8,0.002096805468788871,0.000668063647739423,0.00017285305738743814,0.0008263216080472095
event_bimodal_7d,1,30,spline,,,,0.6333333333333333,0.002177502687161713,0.0009606787241449819,0.6333333333333333,0.002177502687161713,0.0009606787241449819,0.0004363997792141787,0.0013430674168978182
event_bimodal_7d,2,30,spline,,,,0.9,0.00220179031629161,0.00048007184006937105,0.9,0.00220179031629161,0.00048007184006937105,3.695222188925384e-06,0.000493273597477778
event_bimodal_7d,3,30,spline,,,,0.7666666666666667,0.002103968761869757,0.000691388384715808,0.7666666666666667,0.002103968761869757,0.000691388384715808,0.00033954487823986554,0.0017311400601171811
event_bimodal_7d,4,30,spline,,,,0.7333333333333333,0.0021422701586288543,0.0006894663381244716,0.7333333333333333,0.0021422701586288543,0.0006894663381244716,0.00015787366792059023,0.0006743716299469574
event_bimodal_7d,5,30,spline,,,,0.7666666666666667,0.00220812661035407,0.0006946118860755061,0.7666666666666667,0.00220812661035407,0.0006946118860755061,0.0005167860843040798,0.0013645520705670659
event_bimodal_7d,6,30,spline,,,,0.8666666666666667,0.002089866183170175,0.000587281586497961,0.8666666666666667,0.002089866183170175,0.000587281586497961,2.553355563184758e-06,9.916490463059494e-05
event_bimodal_7d,7,30,spline,,,,0.9,0.0022193946660935427,0.0005454148930255083,0.9,0.0022193946660935427,0.0005454148930255083,4.138698564346069e-08,0.00024803425068699314
event_bimodal_7d,8,30,spline,,,,0.7,0.002119721410006979,0.0007278541766696881,0.7,0.002119721410006979,0.0007278541766696881,0.0005121463703921367,0.0006339162391067917
event_bimodal_7d,9,30,spline,,,,0.9666666666666667,0.002212153774355618,0.0005846745141673465,0.9666666666666667,0.002212153774355618,0.0005846745141673465,0.0,0.00031578146509014804
event_bimodal_7d,10,30,spline,,,,0.7,0.0022113428444081717,0.0007647445138245801,0.7,0.0022113428444081717,0.0007647445138245801,0.0005603771107587398,0.0007116627640165133
event_bimodal_7d,11,30,spline,,,,0.7,0.0022301014552918775,0.0010130511172675915,0.7,0.0022301014552918775,0.0010130511172675915,0.0011969169763987163,0.0020690213045424094
fat_tail_0dte,0,6,spline,0.6666666666666666,0.0033558049392262475,0.00106729507164719,0.6666666666666666,0.004724834313231283,0.0013030470244320472,0.6666666666666666,0.005324025350324016,0.0013030470244320472,0.000534711055783824,0.0008740884856106579
fat_tail_0dte,1,6,spline,0.6666666666666666,0.003357826085967063,0.0013180216442784814,0.5,0.0044708395723011,0.0012665137981891842,0.6666666666666666,0.0053976446963364955,0.0012665137981891842,0.0008554107793452507,0.0015847367214810275
fat_tail_0dte,2,6,svi,0.5,0.003414889039111586,0.001460489993844494,0.3333333333333333,0.003714448815505813,0.0024436884688775807,0.5,0.004726742339592594,0.001460489993844494,0.0013649799984761998,0.001438930116349879
fat_tail_0dte,3,6,svi,0.6666666666666666,0.003264258570040472,0.0010022136529632096,0.5,0.003315335880961967,0.0015154010101329368,0.6666666666666666,0.003954660605497555,0.0010022136529632096,0.000996332611446625,0.001066377749648434
fat_tail_0dte,4,6,spline,0.6666666666666666,0.003051887420224921,0.0013831103904433431,0.3333333333333333,0.004484400528875423,0.002289429812786492,0.6666666666666666,0.005377285708863322,0.002289429812786492,0.0009086925944763596,0.0011076850317443925
fat_tail_0dte,5,6,svi,0.6666666666666666,0.0033394797815047565,0.000718854265231343,0.6666666666666666,0.003748564075780158,0.0012484528606445816,0.6666666666666666,0.004170875613638043,0.000718854265231343,0.0010396872609387056,0.0010447663814971558
fat_tail_0dte,6,6,spline,0.5,0.003600031928936463,0.0014348226196758279,0.3333333333333333,0.004387406947501311,0.00217294710487664,0.5,0.005734099756925677,0.00217294710487664,0.0012056591039959434,0.0015189317424814386
fat_tail_0dte,7,6,svi,0.3333333333333333,0.0033497085862509734,0.0019612529506915833,0.3333333333333333,0.003286130269075231,0.0022209460907983113,0.3333333333333333,0.003870505792928526,0.0019612529506915833,0.0020346515973289,0.0020670184779127965
fat_tail_0dte,8,6,spline,0.5,0.003059460755101334,0.0014213358361974276,0.6666666666666666,0.004734810217870003,0.00212400123061377,0.6666666666666666,0.005111219348902351,0.00212400123061377,0.0006979984509051136,0.0008019006571774803
fat_tail_0dte,9,6,svi,0.6666666666666666,0.0038819213729396874,0.0015227725288832542,0.3333333333333333,0.0034522520649022353,0.0019596634896384747,0.6666666666666666,0.0047002612765013945,0.0015227725288832542,0.0015403219331478202,0.0018023520376758521
fat_tail_0dte,10,6,spline,0.6666666666666666,0.0036020137178884577,0.0020775117121600815,0.3333333333333333,0.004758278031560517,0.0029418797792184447,0.6666666666666666,0.005133906312756076,0.0029418797792184447,0.0018224967091297131,0.0018748294638512644
fat_tail_0dte,11,6,spline,0.3333333333333333,0.0033295345944317337,0.0018850932111601274,0.6666666666666666,0.004853930954345851,0.0014893829071669698,0.6666666666666666,0.004948596812418248,0.0014893829071669698,0.0004275423847172506,0.0006380626856993046
