case,seed,method,chosen,l1,ks,bucket_mae,bucket_max,rmse_halfspreads,frac_inside,F_err_bp,seconds,error
lognormal_30d,0,svi,svi,0.000643267685721789,0.0004133461997010146,1.4089657468003875e-05,0.0002626776375509454,0.5271363796849357,0.9438202247191011,-0.17426666682696101,1.2860522270202637,
lognormal_30d,0,spline,spline,0.0003706025697689794,0.00017755493301596648,5.046952617507425e-06,1.0200100702462134e-05,0.5350942592430991,0.9775280898876404,-0.17426666682696101,0.07079148292541504,
lognormal_30d,0,auto,svi,0.000643267685721789,0.0004133461997010146,1.4089657468003875e-05,0.0002626776375509454,0.5271363796849357,0.9438202247191011,-0.17426666682696101,1.3348126411437988,
lognormal_30d,1,svi,svi,0.0008475065501376254,0.0003918499520312313,1.1447507148567926e-05,2.315600103208748e-05,0.5358765153027586,0.9655172413793104,-0.35781710440385694,0.23460006713867188,
lognormal_30d,1,spline,spline,0.0008482138721823716,0.00039199027556990895,1.1455387073283749e-05,2.3194130904236054e-05,0.5358753850605075,0.9655172413793104,-0.35781710440385694,0.07170557975769043,
lognormal_30d,1,auto,spline,0.0008482138721823716,0.00039199027556990895,1.1455387073283749e-05,2.3194130904236054e-05,0.5358753850605075,0.9655172413793104,-0.35781710440385694,0.2987816333770752,
lognormal_30d,2,svi,svi,0.0002691108124684392,0.00010252772502039598,3.5558688588244955e-06,8.42571977288653e-06,0.5380602062111464,0.9540229885057471,0.07131408758631608,0.5255870819091797,
lognormal_30d,2,spline,spline,0.0002705560302518463,0.00010261336063843718,3.574352426170932e-06,8.469896196960924e-06,0.5380600427738387,0.9540229885057471,0.07131408758631608,0.07701253890991211,
lognormal_30d,2,auto,spline,0.0002705560302518463,0.00010261336063843718,3.574352426170932e-06,8.469896196960924e-06,0.5380600427738387,0.9540229885057471,0.07131408758631608,0.7583522796630859,
lognormal_30d,3,svi,svi,0.0008575210890836619,0.00032754706080739826,1.3469218126039152e-05,0.0001571020049871974,0.4760399991236477,0.9887640449438202,-0.04443767769202189,3.3786933422088623,
lognormal_30d,3,spline,spline,0.00017411338108724674,6.26010829948287e-05,2.2651207130749813e-06,5.242372867475531e-06,0.48323121540953284,1.0,-0.04443767769202189,0.1244821548461914,
lognormal_30d,3,auto,svi,0.0008575210890836619,0.00032754706080739826,1.3469218126039152e-05,0.0001571020049871974,0.4760399991236477,0.9887640449438202,-0.04443767769202189,3.30068039894104,
lognormal_30d,4,svi,svi,0.0002873308130850836,0.00013777751643628822,3.773090998092686e-06,7.749222971809022e-06,0.5243473430453999,0.9651162790697675,0.1558852750438433,0.28540945053100586,
lognormal_30d,4,spline,spline,0.00028927209717216244,0.00013837535874450246,3.797083538744435e-06,7.826401719646103e-06,0.5243387137915412,0.9651162790697675,0.1558852750438433,0.11185717582702637,
lognormal_30d,4,auto,spline,0.00028927209717216244,0.00013837535874450246,3.797083538744435e-06,7.826401719646103e-06,0.5243387137915412,0.9651162790697675,0.1558852750438433,0.3900752067565918,
lognormal_30d,5,svi,svi,0.000530876553411253,0.00020916625402189748,6.945769853354499e-06,1.5234973489541836e-05,0.5328818816078277,0.9651162790697675,-0.15123126550942168,0.32416296005249023,
lognormal_30d,5,spline,spline,0.0005361150297111164,0.00021061315097126165,7.014511446924675e-06,1.5399668598425897e-05,0.532879069647856,0.9651162790697675,-0.15123126550942168,0.14260387420654297,
lognormal_30d,5,auto,spline,0.0005361150297111164,0.00021061315097126165,7.014511446924675e-06,1.5399668598425897e-05,0.532879069647856,0.9651162790697675,-0.15123126550942168,0.514451265335083,
lognormal_30d,6,svi,svi,0.0006765225418680364,0.00026696524999103577,8.90768664200969e-06,1.9624669704176867e-05,0.5481346725060032,0.9886363636363636,-0.1885410257507214,0.36702871322631836,
lognormal_30d,6,spline,spline,0.0006795311196202521,0.000267643720591626,8.945329230927524e-06,1.9713543148114354e-05,0.5481288525026432,0.9886363636363636,-0.1885410257507214,0.13634037971496582,
lognormal_30d,6,auto,spline,0.0006795311196202521,0.000267643720591626,8.945329230927524e-06,1.9713543148114354e-05,0.5481288525026432,0.9886363636363636,-0.1885410257507214,0.5284807682037354,
lognormal_30d,7,svi,svi,0.00017512119729430468,6.890986475904803e-05,2.296607214687577e-06,5.245378990770266e-06,0.5061729349794276,1.0,-0.05673413097095903,0.38535618782043457,
lognormal_30d,7,spline,spline,0.00017027079848530788,6.770625589480606e-05,2.2342872687677637e-06,5.084997567461613e-06,0.5061706121580496,1.0,-0.05673413097095903,0.13746881484985352,
lognormal_30d,7,auto,spline,0.00017027079848530788,6.770625589480606e-05,2.2342872687677637e-06,5.084997567461613e-06,0.5061706121580496,1.0,-0.05673413097095903,0.5229971408843994,
lognormal_30d,8,svi,svi,0.00040966851426324025,0.00013180782457722362,5.281288625738716e-06,1.2348793241523381e-05,0.4989959388698871,0.9887640449438202,-0.04119399865443185,0.46979546546936035,
lognormal_30d,8,spline,spline,0.0004156231206750982,0.00013342872601773692,5.359602420803302e-06,1.2539110946008236e-05,0.4989964108077692,0.9887640449438202,-0.04119399865443185,0.11264419555664062,
lognormal_30d,8,auto,svi,0.00040966851426324025,0.00013180782457722362,5.281288625738716e-06,1.2348793241523381e-05,0.4989959388698871,0.9887640449438202,-0.04119399865443185,0.4427640438079834,
lognormal_30d,9,svi,svi,0.0002674480189761289,9.847385109951201e-05,3.427444914886197e-06,7.796272648519231e-06,0.4956767526739663,0.9772727272727273,0.07538755987690493,0.39164280891418457,
lognormal_30d,9,spline,spline,0.0002789104814573764,0.00010135982235082164,3.5888709538619653e-06,8.232508182326459e-06,0.4956835805927762,0.9772727272727273,0.07538755987690493,0.16725993156433105,
lognormal_30d,9,auto,svi,0.0002674480189761289,9.847385109951201e-05,3.427444914886197e-06,7.796272648519231e-06,0.4956767526739663,0.9772727272727273,0.07538755987690493,0.5503499507904053,
lognormal_30d,10,svi,svi,0.0009743592431646481,0.00048642627403006067,1.3845172961425825e-05,0.00015608438633274435,0.5109692435459752,0.9883720930232558,0.3723788736742506,3.743626356124878,
lognormal_30d,10,spline,spline,0.0007881786780434599,0.00037786961781416384,1.0732014566267244e-05,2.1360611705711907e-05,0.5141367109277767,0.9767441860465116,0.3723788736742506,0.05700230598449707,
lognormal_30d,10,auto,svi,0.0009743592431646481,0.00048642627403006067,1.3845172961425825e-05,0.00015608438633274435,0.5109692435459752,0.9883720930232558,0.3723788736742506,3.5554039478302,
lognormal_30d,11,svi,svi,0.0009030856781944937,0.0003636740188188714,1.5387760048085534e-05,0.00027710172582262604,0.5156775157138779,0.9883720930232558,0.09270981342845985,7.67256760597229,
lognormal_30d,11,spline,spline,0.00017702701084542068,8.366289834915719e-05,2.3186609026411677e-06,4.83134615786307e-06,0.5342482718747668,0.9767441860465116,0.09270981342845985,0.11057734489440918,
lognormal_30d,11,auto,svi,0.0009030856781944937,0.0003636740188188714,1.5387760048085534e-05,0.00027710172582262604,0.5156775157138779,0.9883720930232558,0.09270981342845985,4.848125457763672,
lognormal_30d,12,svi,svi,0.0005616354617969225,0.00021681902872883185,7.303881294084285e-06,1.6601606613986242e-05,0.6078558277328494,0.9545454545454546,0.1777327279350871,0.1959822177886963,
lognormal_30d,12,spline,spline,0.0049648861625173814,0.00106731832768181,6.767526643712644e-05,0.00030806986703546535,0.5685269015302399,0.9431818181818182,0.1777327279350871,0.059903621673583984,
lognormal_30d,12,auto,spline,0.0049648861625173814,0.00106731832768181,6.767526643712644e-05,0.00030806986703546535,0.5685269015302399,0.9431818181818182,0.1777327279350871,0.26523542404174805,
lognormal_30d,13,svi,svi,0.0015080304294364558,0.0007544958922532929,3.0648174547989013e-05,0.0007090111779792796,0.4579408788220012,1.0,-0.42300223233149303,0.6586098670959473,
lognormal_30d,13,spline,spline,0.0009692852772230275,0.00043701278671659516,1.2974907121390039e-05,2.8504211340429908e-05,0.48848547839388706,0.9659090909090909,-0.42300223233149303,0.08976864814758301,
lognormal_30d,13,auto,svi,0.0015080304294364558,0.0007544958922532929,3.0648174547989013e-05,0.0007090111779792796,0.4579408788220012,1.0,-0.42300223233149303,0.7752676010131836,
lognormal_30d,14,svi,svi,0.0006593075598137623,0.00030715354814081497,8.781280217347457e-06,1.8587240874445854e-05,0.5067637980362557,0.9777777777777777,0.32412286122829315,0.24538588523864746,
lognormal_30d,14,spline,spline,0.0006639404655951212,0.00030845051357974995,8.838929908319068e-06,1.876194656391661e-05,0.5067594792726237,0.9777777777777777,0.32412286122829315,0.06402778625488281,
lognormal_30d,14,auto,spline,0.0006639404655951212,0.00030845051357974995,8.838929908319068e-06,1.876194656391661e-05,0.5067594792726237,0.9777777777777777,0.32412286122829315,0.36104702949523926,
lognormal_30d,15,svi,svi,0.0005673997581532778,0.0002958485933474142,1.3138127319921372e-05,0.00036407452533593343,0.4853882361142657,0.9770114942528736,0.11280122507395518,0.4205174446105957,
lognormal_30d,15,spline,spline,0.00018658035493411134,9.327891357030493e-05,2.535743272772965e-06,4.557862247067668e-06,0.49294416243810174,0.9885057471264368,0.11280122507395518,0.06698298454284668,
lognormal_30d,15,auto,svi,0.0005673997581532778,0.0002958485933474142,1.3138127319921372e-05,0.00036407452533593343,0.4853882361142657,0.9770114942528736,0.11280122507395518,0.5088987350463867,
lognormal_30d,16,svi,svi,0.001093954514304835,0.00039601072222913546,9.117963735180166e-07,7.083698374762276e-06,0.5066285130508104,0.9662921348314607,0.02169247309113942,0.21559667587280273,
lognormal_30d,16,spline,spline,0.00023378620064806125,6.884391912997945e-05,3.0436724311436956e-06,7.478238268854298e-06,0.5213960067378735,1.0,0.02169247309113942,0.06128334999084473,
lognormal_30d,16,auto,svi,0.001093954514304835,0.00039601072222913546,9.117963735180166e-07,7.083698374762276e-06,0.5066285130508104,0.9662921348314607,0.02169247309113942,0.27329325675964355,
lognormal_30d,17,svi,svi,0.0015535564270403347,0.0005598959593489661,2.6966807421010984e-05,0.0004173328283355593,0.5070315601266353,0.9651162790697675,0.3375981538256134,0.8072872161865234,
lognormal_30d,17,spline,spline,0.000849641022773931,0.0003863661686404063,1.1380134346326006e-05,2.3842607851765063e-05,0.5348501926447153,0.9651162790697675,0.3375981538256134,0.06666684150695801,
lognormal_30d,17,auto,svi,0.0015535564270403347,0.0005598959593489661,2.6966807421010984e-05,0.0004173328283355593,0.5070315601266353,0.9651162790697675,0.3375981538256134,0.9688239097595215,
lognormal_30d,18,svi,svi,0.0024168747425753483,0.0006918574531378785,2.1493358343612808e-05,0.00030001372734911325,0.5208690944904222,0.9655172413793104,0.5299601278174748,6.634742498397827,
lognormal_30d,18,spline,spline,0.0011316104329444482,0.0005414206746226502,1.5405858198597696e-05,3.090680746492547e-05,0.5322032315097524,0.9770114942528736,0.5299601278174748,0.129364013671875,
lognormal_30d,18,auto,svi,0.0024168747425753483,0.0006918574531378785,2.1493358343612808e-05,0.00030001372734911325,0.5208690944904222,0.9655172413793104,0.5299601278174748,7.337137937545776,
lognormal_30d,19,svi,svi,0.0006761572693085675,0.0002332081849140133,8.837566974024516e-06,2.0896302786066467e-05,0.5297651270350793,0.9772727272727273,0.14377286376987541,0.6109604835510254,
lognormal_30d,19,spline,spline,0.0006793693477891104,0.00023391810119810508,8.877218437157087e-06,2.099493907764538e-05,0.5297646479914271,0.9772727272727273,0.14377286376987541,0.13629603385925293,
lognormal_30d,19,auto,spline,0.0006793693477891104,0.00023391810119810508,8.877218437157087e-06,2.099493907764538e-05,0.5297646479914271,0.9772727272727273,0.14377286376987541,0.7625734806060791,
lognormal_30d,20,svi,svi,0.0016077037224774384,0.000629681693257389,2.741910412355918e-05,0.00041942421872309676,0.5427231422968996,0.9885057471264368,-0.36895534928582663,4.760091304779053,
lognormal_30d,20,spline,spline,0.0011263931469685984,0.00047167987364926667,1.4926301288184958e-05,3.452793989783265e-05,0.5594709118863873,0.9770114942528736,-0.36895534928582663,0.1398770809173584,
lognormal_30d,20,auto,svi,0.0016077037224774384,0.000629681693257389,2.741910412355918e-05,0.00041942421872309676,0.5427231422968996,0.9885057471264368,-0.36895534928582663,4.07609748840332,
lognormal_30d,21,svi,svi,0.00035116140314433894,9.255220187837088e-05,4.5211444593870765e-06,1.0653905580748635e-05,0.5412122704201074,0.9777777777777777,-0.0009688073887570425,0.30300426483154297,
lognormal_30d,21,spline,spline,0.00036164844694721427,9.522496112840395e-05,4.660177862116043e-06,1.0999423582624956e-05,0.5411357232256471,0.9777777777777777,-0.0009688073887570425,0.17328977584838867,
lognormal_30d,21,auto,spline,0.00036164844694721427,9.522496112840395e-05,4.660177862116043e-06,1.0999423582624956e-05,0.5411357232256471,0.9777777777777777,-0.0009688073887570425,0.4547383785247803,
lognormal_30d,22,svi,svi,0.0005172476366718236,0.00022568323758404008,6.908448768604091e-06,1.4629666987620027e-05,0.4908365867254171,0.9887640449438202,-0.19032042924527204,0.4921557903289795,
lognormal_30d,22,spline,spline,0.0005259652186597802,0.00022832693223762135,7.022657659844948e-06,1.491915941687072e-05,0.49084904594487516,0.9887640449438202,-0.19032042924527204,0.16489911079406738,
lognormal_30d,22,auto,svi,0.0005172476366718236,0.00022568323758404008,6.908448768604091e-06,1.4629666987620027e-05,0.4908365867254171,0.9887640449438202,-0.19032042924527204,0.6313533782958984,
lognormal_30d,23,svi,svi,0.0002173662741585243,7.77033892304102e-05,2.817925041349821e-06,6.3155893769151206e-06,0.5716271158825165,0.9775280898876404,-0.044638566500943,0.30440545082092285,
lognormal_30d,23,spline,spline,0.00022532024713554867,7.984802676336278e-05,2.920707510370235e-06,6.564664529640218e-06,0.5716231706610894,0.9775280898876404,-0.044638566500943,0.12887930870056152,
lognormal_30d,23,auto,spline,0.00022532024713554867,7.984802676336278e-05,2.920707510370235e-06,6.564664529640218e-06,0.5716231706610894,0.9775280898876404,-0.044638566500943,0.44746923446655273,
lognormal_30d,24,svi,svi,0.0011057548282938912,0.00035947697701854686,1.4319945011100637e-05,3.3411828722074155e-05,0.5098049558985451,0.9540229885057471,0.2023475640200445,0.5476276874542236,
lognormal_30d,24,spline,spline,0.00110931061575181,0.0003602841153957925,1.4365533235487489e-05,3.3520491576011224e-05,0.5097990768474765,0.9540229885057471,0.2023475640200445,0.1399703025817871,
lognormal_30d,24,auto,spline,0.00110931061575181,0.0003602841153957925,1.4365533235487489e-05,3.3520491576011224e-05,0.5097990768474765,0.9540229885057471,0.2023475640200445,0.6368968486785889,
lognormal_30d,25,svi,svi,0.0009798964878566302,0.0004746059521842927,1.3358925839243212e-05,2.755927772302158e-05,0.5643603824745249,0.9431818181818182,0.4964644400096141,0.4061284065246582,
lognormal_30d,25,spline,spline,0.0009765553431938872,0.0004732191707245148,1.3309990787345241e-05,2.7442512187447754e-05,0.5643589602293945,0.9431818181818182,0.4964644400096141,0.1108541488647461,
lognormal_30d,25,auto,spline,0.0009765553431938872,0.0004732191707245148,1.3309990787345241e-05,2.7442512187447754e-05,0.5643589602293945,0.9431818181818182,0.4964644400096141,0.5127172470092773,
lognormal_30d,26,svi,svi,0.0012617560464096244,0.0003549808809425459,1.880703889213945e-05,0.00040280943595083496,0.5215177637030459,0.9772727272727273,-0.06246594945302775,1.5924186706542969,
lognormal_30d,26,spline,spline,0.00017442655171521286,7.660465372133496e-05,2.3134672042635717e-06,4.995097862892095e-06,0.5354386795648803,0.9886363636363636,-0.06246594945302775,0.07341718673706055,
lognormal_30d,26,auto,svi,0.0012617560464096244,0.0003549808809425459,1.880703889213945e-05,0.00040280943595083496,0.5215177637030459,0.9772727272727273,-0.06246594945302775,1.435424566268921,
lognormal_30d,27,svi,svi,0.0009358593618612956,0.0003840545327125078,1.239068804904746e-05,2.8783197539350436e-05,0.5286815822480687,0.9772727272727273,-0.2821710606137895,0.16974878311157227,
lognormal_30d,27,spline,spline,0.000906376639643466,0.00037503217770462616,1.1943264272692823e-05,2.763668172939271e-05,0.5290645619575114,0.9772727272727273,-0.2821710606137895,0.06637215614318848,
lognormal_30d,27,auto,svi,0.0009358593618612956,0.0003840545327125078,1.239068804904746e-05,2.8783197539350436e-05,0.5286815822480687,0.9772727272727273,-0.2821710606137895,0.24413323402404785,
lognormal_30d,28,svi,svi,0.0011944526580867031,0.0004451092411487112,2.1627273965877025e-05,0.0002962291846525522,0.5220038111434578,0.9540229885057471,0.1708690816903946,4.647239685058594,
lognormal_30d,28,spline,spline,0.0003810554428912294,0.0001753786807673352,5.0389427241691005e-06,1.0229623729762771e-05,0.5387886875598116,0.9885057471264368,0.1708690816903946,0.05759739875793457,
lognormal_30d,28,auto,svi,0.0011944526580867031,0.0004451092411487112,2.1627273965877025e-05,0.0002962291846525522,0.5220038111434578,0.9540229885057471,0.1708690816903946,4.388965845108032,
lognormal_30d,29,svi,svi,0.0009217490013539408,0.0003618586934484025,1.22082100622305e-05,2.8579810178563925e-05,0.5322545364178526,0.9770114942528736,0.2724041440305136,0.3132948875427246,
lognormal_30d,29,spline,spline,0.0009219550490255616,0.00036172311476623253,1.2211492932001278e-05,2.858369583746967e-05,0.5322447763120016,0.9770114942528736,0.2724041440305136,0.0618438720703125,
lognormal_30d,29,auto,spline,0.0009219550490255616,0.00036172311476623253,1.2211492932001278e-05,2.858369583746967e-05,0.5322447763120016,0.9770114942528736,0.2724041440305136,0.3898601531982422,
heston_30d,0,svi,svi,0.014534926483364975,0.0027586331165257993,0.00017483879048564148,0.0006654905250487175,1.030411807211846,0.5887850467289719,-0.39412203810540447,0.14646172523498535,
heston_30d,0,spline,spline,0.006818067599812645,0.0009770683919078094,8.021892489352139e-05,0.0003453600741539775,0.5725492833323006,0.9439252336448598,-0.39412203810540447,0.06900787353515625,
heston_30d,0,auto,spline,0.006818067599812645,0.0009770683919078094,8.021892489352139e-05,0.0003453600741539775,0.5725492833323006,0.9439252336448598,-0.39412203810540447,0.27822232246398926,
heston_30d,1,svi,svi,0.01570502331233115,0.0038170193499866834,0.00018901026615006058,0.0008152383998190071,0.9765872622308651,0.6476190476190476,0.18133096896910672,0.15700984001159668,
heston_30d,1,spline,spline,0.0061535357621805295,0.0017926920880959596,7.196676549710889e-05,0.00034731745594618335,0.5138431985167429,0.9714285714285714,0.18133096896910672,0.06605362892150879,
heston_30d,1,auto,spline,0.0061535357621805295,0.0017926920880959596,7.196676549710889e-05,0.00034731745594618335,0.5138431985167429,0.9714285714285714,0.18133096896910672,0.21745872497558594,
heston_30d,2,svi,svi,0.01395650953921831,0.002597402101285451,0.00016854889890551537,0.0006417736469571667,0.9166830096624182,0.6857142857142857,-0.1219458221235481,0.16051721572875977,
heston_30d,2,spline,spline,0.0054005217178961454,0.0013372081470826025,6.268921903611694e-05,0.0003354565877999871,0.546838373147331,0.9714285714285714,-0.1219458221235481,0.06604146957397461,
heston_30d,2,auto,spline,0.0054005217178961454,0.0013372081470826025,6.268921903611694e-05,0.0003354565877999871,0.546838373147331,0.9714285714285714,-0.1219458221235481,0.24219822883605957,
heston_30d,3,svi,svi,0.014185610729360474,0.002947102890405451,0.00017088815600795626,0.0006597431244519392,0.9578109241954402,0.6634615384615384,0.06814000291344158,0.14928150177001953,
heston_30d,3,spline,spline,0.003978539893707201,0.00045776956366805344,4.496923950004769e-05,0.000184391380137372,0.5075113071872295,0.9519230769230769,0.06814000291344158,0.06555342674255371,
heston_30d,3,auto,spline,0.003978539893707201,0.00045776956366805344,4.496923950004769e-05,0.000184391380137372,0.5075113071872295,0.9519230769230769,0.06814000291344158,0.22142267227172852,
heston_30d,4,svi,svi,0.013515889896219041,0.00260729581974517,0.00016227016767427708,0.0006189780965920599,0.9748170410212311,0.6442307692307693,0.3102314509817461,0.14162182807922363,
heston_30d,4,spline,spline,0.005125703643142983,0.0012079172341902256,5.914386491366625e-05,0.00023062904530213313,0.5486694505340413,0.9423076923076923,0.3102314509817461,0.09933185577392578,
heston_30d,4,auto,spline,0.005125703643142983,0.0012079172341902256,5.914386491366625e-05,0.00023062904530213313,0.5486694505340413,0.9423076923076923,0.3102314509817461,0.24561738967895508,
heston_30d,5,svi,svi,0.013405259691210234,0.0027282015220239098,0.00016151403529893502,0.0006161536131524814,0.8726720002760667,0.7358490566037735,-0.36036261568117567,0.13123178482055664,
heston_30d,5,spline,spline,0.005666855991489607,0.0017720243418760662,6.574077387633407e-05,0.00029278568355883827,0.5613246352095609,0.9433962264150944,-0.36036261568117567,0.07070612907409668,
heston_30d,5,auto,spline,0.005666855991489607,0.0017720243418760662,6.574077387633407e-05,0.00029278568355883827,0.5613246352095609,0.9433962264150944,-0.36036261568117567,0.19975924491882324,
heston_30d,6,svi,svi,0.014063121738530748,0.002874473170882408,0.00017023227840849852,0.0006738528038138236,0.9026341843948239,0.7211538461538461,-0.3823340481445836,0.15786361694335938,
heston_30d,6,spline,spline,0.0047423396465348525,0.000776091438351334,5.4326578431438836e-05,0.00024282632205652188,0.5605380385801632,0.9519230769230769,-0.3823340481445836,0.0762336254119873,
heston_30d,6,auto,spline,0.0047423396465348525,0.000776091438351334,5.4326578431438836e-05,0.00024282632205652188,0.5605380385801632,0.9519230769230769,-0.3823340481445836,0.22231793403625488,
heston_30d,7,svi,svi,0.013770675054010586,0.0026780709119625934,0.00016541126914301112,0.0006282346984897158,0.9449170846890231,0.7075471698113207,0.124319390686356,0.15047669410705566,
heston_30d,7,spline,spline,0.004409532870858772,0.0009162994623450604,5.078254892798973e-05,0.00023215733923587223,0.5574702815470718,0.9622641509433962,0.124319390686356,0.06451010704040527,
heston_30d,7,auto,spline,0.004409532870858772,0.0009162994623450604,5.078254892798973e-05,0.00023215733923587223,0.5574702815470718,0.9622641509433962,0.124319390686356,0.21927452087402344,
heston_30d,8,svi,svi,0.013799678785532128,0.0026445580751686126,0.0001666688202764354,0.0006310001635857487,0.916581485581528,0.7102803738317757,-0.22921644070028613,0.14759087562561035,
heston_30d,8,spline,spline,0.005420385656011806,0.0013852418990524251,6.377294635000419e-05,0.00025110327255795095,0.5653916392809611,0.9439252336448598,-0.22921644070028613,0.060647010803222656,
heston_30d,8,auto,spline,0.005420385656011806,0.0013852418990524251,6.377294635000419e-05,0.00025110327255795095,0.5653916392809611,0.9439252336448598,-0.22921644070028613,0.19706082344055176,
heston_30d,9,svi,svi,0.014219290800422517,0.0030785856158871416,0.00017190661242482704,0.000668018592843489,1.011717187177768,0.6634615384615384,0.14554143919154328,0.1633589267730713,
heston_30d,9,spline,spline,0.007322730404018326,0.0013430384710063636,8.659693960994318e-05,0.00031073976792383995,0.5164839577557397,0.9615384615384616,0.14554143919154328,0.05894351005554199,
heston_30d,9,auto,spline,0.007322730404018326,0.0013430384710063636,8.659693960994318e-05,0.00031073976792383995,0.5164839577557397,0.9615384615384616,0.14554143919154328,0.18162226676940918,
heston_30d,10,svi,svi,0.01403184114835592,0.002744316945628933,0.00016855801325313494,0.0006431636946739872,0.9349497976898952,0.6857142857142857,0.14692873341770607,0.14113402366638184,
heston_30d,10,spline,spline,0.005108658484626701,0.0006936777869568367,5.8910498490480526e-05,0.0002227761217700186,0.5681445241107094,0.9428571428571428,0.14692873341770607,0.06603217124938965,
heston_30d,10,auto,spline,0.005108658484626701,0.0006936777869568367,5.8910498490480526e-05,0.0002227761217700186,0.5681445241107094,0.9428571428571428,0.14692873341770607,0.20148682594299316,
heston_30d,11,svi,svi,0.01431327055624764,0.002675928222175994,0.00017194687143217845,0.0006588720129975245,1.0224098540019166,0.5833333333333334,-0.05934090869796904,0.13309907913208008,
heston_30d,11,spline,spline,0.004841476754670864,0.0011581701998639726,5.651850139846518e-05,0.00029678405992483725,0.5422870348682707,0.9444444444444444,-0.05934090869796904,0.062212467193603516,
heston_30d,11,auto,spline,0.004841476754670864,0.0011581701998639726,5.651850139846518e-05,0.00029678405992483725,0.5422870348682707,0.9444444444444444,-0.05934090869796904,0.1917552947998047,
heston_30d,12,svi,svi,0.013381241598087946,0.0024039519738925375,0.0001606128879124606,0.0005988245614753085,0.9327089536281148,0.6826923076923077,0.16352832690191832,0.1788473129272461,
heston_30d,12,spline,spline,0.005668178018016045,0.0007775247782491057,6.668753908692611e-05,0.0002652727385180631,0.535805182467781,0.9230769230769231,0.16352832690191832,0.07015323638916016,
heston_30d,12,auto,spline,0.005668178018016045,0.0007775247782491057,6.668753908692611e-05,0.0002652727385180631,0.535805182467781,0.9230769230769231,0.16352832690191832,0.22721052169799805,
heston_30d,13,svi,svi,0.01432804785792365,0.002810418378713875,0.00017233543008688944,0.0006466497612996891,0.8226840439659076,0.7403846153846154,-0.481888880292658,0.14881515502929688,
heston_30d,13,spline,spline,0.005637971493626239,0.0015465456423200408,6.614179441953737e-05,0.0002590448841235382,0.48212797951431524,0.9711538461538461,-0.481888880292658,0.06421971321105957,
heston_30d,13,auto,spline,0.005637971493626239,0.0015465456423200408,6.614179441953737e-05,0.0002590448841235382,0.48212797951431524,0.9711538461538461,-0.481888880292658,0.21517634391784668,
heston_30d,14,svi,svi,0.014380020975541792,0.0031098890619094544,0.00017324858954482345,0.0006856064111421256,0.9371544395078112,0.6634615384615384,0.27689630548222155,0.15781712532043457,
heston_30d,14,spline,spline,0.0037156146910587626,0.0005465164431106562,4.246291293506393e-05,0.00017018237023869176,0.5496816412277783,0.9615384615384616,0.27689630548222155,0.06479978561401367,
heston_30d,14,auto,spline,0.0037156146910587626,0.0005465164431106562,4.246291293506393e-05,0.00017018237023869176,0.5496816412277783,0.9615384615384616,0.27689630548222155,0.21966767311096191,
heston_30d,15,svi,svi,0.01324169702902926,0.0024962046111792757,0.00015943074370389427,0.0005950641892665809,0.8849799016136362,0.6792452830188679,-0.09276977158023669,0.1755690574645996,
heston_30d,15,spline,spline,0.007357535775945849,0.002024614740217645,8.6444633261188e-05,0.00044854631161372893,0.5224568022119302,0.9622641509433962,-0.09276977158023669,0.07299041748046875,
heston_30d,15,auto,spline,0.007357535775945849,0.002024614740217645,8.6444633261188e-05,0.00044854631161372893,0.5224568022119302,0.9622641509433962,-0.09276977158023669,0.2222905158996582,
heston_30d,16,svi,svi,0.014275571701502898,0.002967638006976858,0.00017174741786594612,0.0006708072027430401,0.9922703662049988,0.6476190476190476,-0.02999287887051061,0.17990875244140625,
heston_30d,16,spline,spline,0.005273993260264045,0.0007964642764193286,6.077686038336233e-05,0.00025138817220005105,0.48396677041121167,0.9523809523809523,-0.02999287887051061,0.06606459617614746,
heston_30d,16,auto,spline,0.005273993260264045,0.0007964642764193286,6.077686038336233e-05,0.00025138817220005105,0.48396677041121167,0.9523809523809523,-0.02999287887051061,0.21721315383911133,
heston_30d,17,svi,svi,0.013654691599012192,0.0024553421035867773,0.00016423080002472663,0.0006019383596315153,0.9255926144805545,0.7009345794392523,-0.11624262625797854,0.15843605995178223,
heston_30d,17,spline,spline,0.005334363442915989,0.0011721354412335128,6.134452432317563e-05,0.00033174032057481373,0.5195068013235709,0.9626168224299065,-0.11624262625797854,0.0697026252746582,
heston_30d,17,auto,spline,0.005334363442915989,0.0011721354412335128,6.134452432317563e-05,0.00033174032057481373,0.5195068013235709,0.9626168224299065,-0.11624262625797854,0.22180676460266113,
heston_30d,18,svi,svi,0.01345778983202346,0.002496518278666926,0.00016174238103878528,0.0006088845617308047,1.0161916226581942,0.6509433962264151,0.2761263839068384,0.14758729934692383,
heston_30d,18,spline,spline,0.007337243318940698,0.001399982796575161,8.677830770603759e-05,0.0004028294695036516,0.543913675444074,0.9528301886792453,0.2761263839068384,0.06727170944213867,
heston_30d,18,auto,spline,0.007337243318940698,0.001399982796575161,8.677830770603759e-05,0.0004028294695036516,0.543913675444074,0.9528301886792453,0.2761263839068384,0.23592185974121094,
heston_30d,19,svi,svi,0.013816456361139358,0.0027743821106848143,0.00016653458216160568,0.0006447633267624431,0.9486617173970537,0.7102803738317757,-0.3618398753957308,0.14570021629333496,
heston_30d,19,spline,spline,0.005561442525541972,0.0012029703356380983,6.445660617407333e-05,0.00031461795022125205,0.5582415734991559,0.9439252336448598,-0.3618398753957308,0.06518697738647461,
heston_30d,19,auto,spline,0.005561442525541972,0.0012029703356380983,6.445660617407333e-05,0.00031461795022125205,0.5582415734991559,0.9439252336448598,-0.3618398753957308,0.21422791481018066,
heston_30d,20,svi,svi,0.013523332403594442,0.0026041519694746107,0.00016199626864540803,0.0006122948491210645,1.0248128285835074,0.638095238095238,0.15803407092063182,0.19414710998535156,
heston_30d,20,spline,spline,0.0059650534455052105,0.0011465030491240036,7.008047911847309e-05,0.00029850354514660005,0.5627190651597668,0.9619047619047619,0.15803407092063182,0.09731531143188477,
heston_30d,20,auto,spline,0.0059650534455052105,0.0011465030491240036,7.008047911847309e-05,0.00029850354514660005,0.5627190651597668,0.9619047619047619,0.15803407092063182,0.24185967445373535,
heston_30d,21,svi,svi,0.013124987335629626,0.002683408831727352,0.00015827496528160096,0.0005947591973224364,0.912628718194297,0.7102803738317757,-0.3315346231602678,0.15780019760131836,
heston_30d,21,spline,spline,0.006412735056265243,0.0017174627591131086,7.461133458257578e-05,0.0002285723987611732,0.5383983060572204,0.9345794392523364,-0.3315346231602678,0.07129168510437012,
heston_30d,21,auto,spline,0.006412735056265243,0.0017174627591131086,7.461133458257578e-05,0.0002285723987611732,0.5383983060572204,0.9345794392523364,-0.3315346231602678,0.2079005241394043,
heston_30d,22,svi,svi,0.014613643065108947,0.0028658139712220976,0.00017592746112590798,0.000678222064788625,0.8878002330415429,0.7358490566037735,-0.23232566410458233,0.1509711742401123,
heston_30d,22,spline,spline,0.0038152293571103724,0.000513457498856007,4.3403469293821385e-05,0.0002012904641359725,0.5193073965083872,0.9716981132075472,-0.23232566410458233,0.0643913745880127,
heston_30d,22,auto,spline,0.0038152293571103724,0.000513457498856007,4.3403469293821385e-05,0.0002012904641359725,0.5193073965083872,0.9716981132075472,-0.23232566410458233,0.20925545692443848,
heston_30d,23,svi,svi,0.014102475870609194,0.002873293267840804,0.00016992076166754422,0.0006514804001298558,1.0052345954412019,0.6698113207547169,0.10264273665239187,0.14951419830322266,
heston_30d,23,spline,spline,0.004211867390730604,0.0005452658925173548,4.7030667570629806e-05,0.00025827320474336446,0.5716209440607287,0.9622641509433962,0.10264273665239187,0.06852555274963379,
heston_30d,23,auto,spline,0.004211867390730604,0.0005452658925173548,4.7030667570629806e-05,0.00025827320474336446,0.5716209440607287,0.9622641509433962,0.10264273665239187,0.31198930740356445,
heston_30d,24,svi,svi,0.014058335196648895,0.0027094311620505795,0.00016882326852152158,0.0006494492237946181,0.8174065263707595,0.7572815533980582,-0.34276738629879233,0.18105316162109375,
heston_30d,24,spline,spline,0.006051835152315697,0.0014533195039715396,7.014989071052058e-05,0.00034064739716221926,0.5106948127672593,0.9514563106796117,-0.34276738629879233,0.06592631340026855,
heston_30d,24,auto,spline,0.006051835152315697,0.0014533195039715396,7.014989071052058e-05,0.00034064739716221926,0.5106948127672593,0.9514563106796117,-0.34276738629879233,0.21996617317199707,
heston_30d,25,svi,svi,0.013616472821493123,0.0028917100382457317,0.00016384265739691857,0.0006684797958963484,0.9933725609348089,0.6634615384615384,0.6323960044984922,0.17360520362854004,
heston_30d,25,spline,spline,0.00393232613514009,0.001061292986456297,4.434577541382008e-05,0.00020522790120647283,0.5145194858716158,0.9423076923076923,0.6323960044984922,0.08000302314758301,
heston_30d,25,auto,spline,0.00393232613514009,0.001061292986456297,4.434577541382008e-05,0.00020522790120647283,0.5145194858716158,0.9423076923076923,0.6323960044984922,0.24992156028747559,
heston_30d,26,svi,svi,0.01480613611648628,0.0030652786960622125,0.00017795281005685947,0.0006971309268136716,1.0228653059578423,0.6153846153846154,-0.1644551493384938,0.16747283935546875,
heston_30d,26,spline,spline,0.0036369000402335164,0.0005992853508403062,3.9932676519914575e-05,0.00020888404507246605,0.5443715376414352,0.9519230769230769,-0.1644551493384938,0.0691385269165039,
heston_30d,26,auto,spline,0.0036369000402335164,0.0005992853508403062,3.9932676519914575e-05,0.00020888404507246605,0.5443715376414352,0.9519230769230769,-0.1644551493384938,0.22777104377746582,
heston_30d,27,svi,svi,0.014212053503058103,0.003066274387328094,0.00017091791537475698,0.0006908718211873222,0.98445817641854,0.6857142857142857,0.23365925829743617,0.16997694969177246,
heston_30d,27,spline,spline,0.003984875490017365,0.0007058524513895437,4.460989374759718e-05,0.0001879626188979744,0.5584718472219752,0.9523809523809523,0.23365925829743617,0.06832027435302734,
heston_30d,27,auto,spline,0.003984875490017365,0.0007058524513895437,4.460989374759718e-05,0.0001879626188979744,0.5584718472219752,0.9523809523809523,0.23365925829743617,0.2627379894256592,
heston_30d,28,svi,svi,0.013827941028821312,0.0026175129757719517,0.00016623828501595832,0.0006402521510550097,0.9503659779115355,0.6666666666666666,0.16005940068231084,0.16157960891723633,
heston_30d,28,spline,spline,0.005929673074326879,0.0011281564735634575,6.994318579301844e-05,0.0003182835491304381,0.531564037519907,0.9619047619047619,0.16005940068231084,0.07681107521057129,
heston_30d,28,auto,spline,0.005929673074326879,0.0011281564735634575,6.994318579301844e-05,0.0003182835491304381,0.531564037519907,0.9619047619047619,0.16005940068231084,0.20397019386291504,
heston_30d,29,svi,svi,0.014433085882785513,0.0026315617771963673,0.00017337524891254178,0.0006544910925780911,0.9475131327368793,0.6635514018691588,-0.2431074416020529,0.15718483924865723,
heston_30d,29,spline,spline,0.004501175392779235,0.0009530256273394544,5.153543767732204e-05,0.0001841359655618824,0.551363165859909,0.9813084112149533,-0.2431074416020529,0.05923128128051758,
heston_30d,29,auto,spline,0.004501175392779235,0.0009530256273394544,5.153543767732204e-05,0.0001841359655618824,0.551363165859909,0.9813084112149533,-0.2431074416020529,0.21639466285705566,
event_bimodal_7d,0,svi,svi,0.5907365752626288,0.13615824989294356,0.01621950955534696,0.039846623393241465,37.537744017597596,0.011235955056179775,-0.0956632810700242,0.1002206802368164,
event_bimodal_7d,0,spline,spline,0.030191237197545077,0.0033785966990845795,0.0007221370660715431,0.002583427107549885,0.5406018086407449,0.9438202247191011,-0.0956632810700242,0.060761451721191406,
event_bimodal_7d,0,auto,spline,0.030191237197545077,0.0033785966990845795,0.0007221370660715431,0.002583427107549885,0.5406018086407449,0.9438202247191011,-0.0956632810700242,0.16925287246704102,
event_bimodal_7d,1,svi,svi,0.5916546678254511,0.1368477971733983,0.016256096374004752,0.03996616548149451,38.11517337247299,0.011363636363636364,-0.006542081505411801,0.1011362075805664,
event_bimodal_7d,1,spline,spline,0.021658555041297572,0.0025129438611693478,0.0005416916719150035,0.002183086833584813,0.5541153061072955,0.9318181818181818,-0.006542081505411801,0.06164097785949707,
event_bimodal_7d,1,auto,spline,0.021658555041297572,0.0025129438611693478,0.0005416916719150035,0.002183086833584813,0.5541153061072955,0.9318181818181818,-0.006542081505411801,0.1712646484375,
event_bimodal_7d,2,svi,svi,0.5893002785477253,0.1352652019550422,0.01616248059403497,0.03966335766463419,37.96063385552841,0.011627906976744186,0.03076231202880919,0.10710310935974121,
event_bimodal_7d,2,spline,spline,0.018523573954185756,0.003009789902119697,0.0004935641684052135,0.0017376433715989292,0.5617613408231658,0.9302325581395349,0.03076231202880919,0.05647110939025879,
event_bimodal_7d,2,auto,spline,0.018523573954185756,0.003009789902119697,0.0004935641684052135,0.0017376433715989292,0.5617613408231658,0.9302325581395349,0.03076231202880919,0.17368435859680176,
event_bimodal_7d,3,svi,svi,0.5903857806289627,0.13612828605054866,0.016206124947718135,0.03980041652674687,37.603630038354005,0.011363636363636364,0.05561029999601175,0.09879350662231445,
event_bimodal_7d,3,spline,spline,0.021464923134645437,0.0027766605308500725,0.0005734678094742492,0.001691324641903913,0.4752602275182869,0.9886363636363636,0.05561029999601175,0.05980968475341797,
event_bimodal_7d,3,auto,spline,0.021464923134645437,0.0027766605308500725,0.0005734678094742492,0.001691324641903913,0.4752602275182869,0.9886363636363636,0.05561029999601175,0.15764713287353516,
event_bimodal_7d,4,svi,svi,0.5902903062594349,0.13637348083467854,0.0162023977746594,0.039788820884152754,37.89150305478804,0.0,0.38352569316391083,0.10027265548706055,
event_bimodal_7d,4,spline,spline,0.021844479666207766,0.00334668513500741,0.0005348326744322816,0.0021592893960696302,0.514037963468179,0.9545454545454546,0.38352569316391083,0.06067085266113281,
event_bimodal_7d,4,auto,spline,0.021844479666207766,0.00334668513500741,0.0005348326744322816,0.0021592893960696302,0.514037963468179,0.9545454545454546,0.38352569316391083,0.15958142280578613,
event_bimodal_7d,5,svi,svi,0.5905442633241349,0.13614726618952067,0.016212233258386628,0.03981967097305855,37.76268546511824,0.011363636363636364,-0.0430456965849757,0.09533238410949707,
event_bimodal_7d,5,spline,spline,0.01967545445101332,0.003208133586591222,0.0005262303249212515,0.002294757394359359,0.5105836515743755,0.9772727272727273,-0.0430456965849757,0.1337141990661621,
event_bimodal_7d,5,auto,spline,0.01967545445101332,0.003208133586591222,0.0005262303249212515,0.002294757394359359,0.5105836515743755,0.9772727272727273,-0.0430456965849757,0.17646431922912598,
event_bimodal_7d,6,svi,svi,0.5900745456675723,0.13543246848444596,0.016193257262361503,0.039771432257410366,38.02158352229274,0.011494252873563218,-0.18835395721006343,0.10898041725158691,
event_bimodal_7d,6,spline,spline,0.02504166155933299,0.003799623275640651,0.0006400499960447761,0.0025759855061761594,0.5648716722484868,0.9080459770114943,-0.18835395721006343,0.07911348342895508,
event_bimodal_7d,6,auto,spline,0.02504166155933299,0.003799623275640651,0.0006400499960447761,0.0025759855061761594,0.5648716722484868,0.9080459770114943,-0.18835395721006343,0.23531126976013184,
event_bimodal_7d,7,svi,svi,0.5903152436314174,0.135924329451087,0.016203000474507196,0.03979707002165972,38.48555014347213,0.011627906976744186,0.0312684746783809,0.10009646415710449,
event_bimodal_7d,7,spline,spline,0.02216664263873856,0.002639583864561368,0.0005627964763489578,0.0018361468223814237,0.5289731552326301,0.9418604651162791,0.0312684746783809,0.061573028564453125,
event_bimodal_7d,7,auto,spline,0.02216664263873856,0.002639583864561368,0.0005627964763489578,0.0018361468223814237,0.5289731552326301,0.9418604651162791,0.0312684746783809,0.156998872756958,
event_bimodal_7d,8,svi,svi,0.5918165518396169,0.1369297071269467,0.016262390825355907,0.03998456123126398,37.81652161195831,0.011363636363636364,-0.06737225538899771,0.15810346603393555,
event_bimodal_7d,8,spline,spline,0.020569004480959652,0.0026927835674053213,0.000507528679438953,0.0014639031037773087,0.5679484485587072,0.9204545454545454,-0.06737225538899771,0.07326817512512207,
event_bimodal_7d,8,auto,spline,0.020569004480959652,0.0026927835674053213,0.000507528679438953,0.0014639031037773087,0.5679484485587072,0.9204545454545454,-0.06737225538899771,0.19235920906066895,
event_bimodal_7d,9,svi,svi,0.5894048054116638,0.13544971826847357,0.016168094267127422,0.03966486628931282,37.35281439062735,0.011235955056179775,-0.19858291730567856,0.1398022174835205,
event_bimodal_7d,9,spline,spline,0.022891004305221743,0.003214997514541351,0.0006101867527769522,0.0017864143026984913,0.4878704171986283,0.9775280898876404,-0.19858291730567856,0.06909871101379395,
event_bimodal_7d,9,auto,spline,0.022891004305221743,0.003214997514541351,0.0006101867527769522,0.0017864143026984913,0.4878704171986283,0.9775280898876404,-0.19858291730567856,0.18286442756652832,
event_bimodal_7d,10,svi,svi,0.5903791158107141,0.1360880955136184,0.01620564755194633,0.03980233322580867,37.75406138022988,0.011627906976744186,0.08918412512048945,0.11391925811767578,
event_bimodal_7d,10,spline,spline,0.017775125131495567,0.0028590169979814117,0.0004656066048890627,0.00148023903372424,0.5675334721191178,0.9767441860465116,0.08918412512048945,0.06690073013305664,
event_bimodal_7d,10,auto,spline,0.017775125131495567,0.0028590169979814117,0.0004656066048890627,0.00148023903372424,0.5675334721191178,0.9767441860465116,0.08918412512048945,0.16315340995788574,
event_bimodal_7d,11,svi,svi,0.5918017178783401,0.13684524340789656,0.016261391201119038,0.03998852379855772,37.96375723828038,0.0,-0.003425693569925059,0.10816788673400879,
event_bimodal_7d,11,spline,spline,0.02625105885799305,0.0043004849118361554,0.0006958133501038803,0.0025720842067510352,0.5530269337878763,0.9080459770114943,-0.003425693569925059,0.06270647048950195,
event_bimodal_7d,11,auto,spline,0.02625105885799305,0.0043004849118361554,0.0006958133501038803,0.0025720842067510352,0.5530269337878763,0.9080459770114943,-0.003425693569925059,0.16787385940551758,
event_bimodal_7d,12,svi,svi,0.5920598417849299,0.1374407603318622,0.01627168415600001,0.04001185799582124,37.76442401468147,0.011235955056179775,0.2419312122237116,0.13667869567871094,
event_bimodal_7d,12,spline,spline,0.030501578556812688,0.004959331099775255,0.00077602579897146,0.002983917116776591,0.57436043714879,0.9213483146067416,0.2419312122237116,0.06288933753967285,
event_bimodal_7d,12,auto,spline,0.030501578556812688,0.004959331099775255,0.00077602579897146,0.002983917116776591,0.57436043714879,0.9213483146067416,0.2419312122237116,0.23786544799804688,
event_bimodal_7d,13,svi,svi,0.5909041344395798,0.13612861473269477,0.01622634827985136,0.03986806714396823,36.97162530918114,0.011111111111111112,-0.258608817345074,0.15124773979187012,
event_bimodal_7d,13,spline,spline,0.024855934646576594,0.004432428204562799,0.0006755279937482823,0.002628872522361936,0.505209245327534,0.9666666666666667,-0.258608817345074,0.07717108726501465,
event_bimodal_7d,13,auto,spline,0.024855934646576594,0.004432428204562799,0.0006755279937482823,0.002628872522361936,0.505209245327534,0.9666666666666667,-0.258608817345074,0.1363358497619629,
event_bimodal_7d,14,svi,svi,0.5904741277076495,0.13627874494485437,0.0162093464974644,0.039813703839769954,37.96884438572164,0.011363636363636364,0.20768738674403764,0.08183407783508301,
event_bimodal_7d,14,spline,spline,0.023564159843739337,0.0022046029545086387,0.0005773647018563279,0.002223829641929631,0.5046042311060358,0.9545454545454546,0.20768738674403764,0.05772662162780762,
event_bimodal_7d,14,auto,spline,0.023564159843739337,0.0022046029545086387,0.0005773647018563279,0.002223829641929631,0.5046042311060358,0.9545454545454546,0.20768738674403764,0.12683582305908203,
event_bimodal_7d,15,svi,svi,0.5908445663194647,0.13609873338891598,0.016223824412349097,0.03986114135394231,37.721102042755376,0.011363636363636364,-0.22182792724145806,0.11582231521606445,
event_bimodal_7d,15,spline,spline,0.027499754747864362,0.004870138876661767,0.0007328823164035528,0.0030059078534452888,0.4847678512650993,0.9886363636363636,-0.22182792724145806,0.06470060348510742,
event_bimodal_7d,15,auto,spline,0.027499754747864362,0.004870138876661767,0.0007328823164035528,0.0030059078534452888,0.4847678512650993,0.9886363636363636,-0.22182792724145806,0.15721416473388672,
event_bimodal_7d,16,svi,svi,0.5905586098101592,0.13621314665201312,0.01621247160087009,0.03982576805529542,37.4050408336459,0.011363636363636364,0.12182988502029701,0.11431384086608887,
event_bimodal_7d,16,spline,spline,0.03117453905503118,0.005385795758919287,0.0008558839681012204,0.002734854184472557,0.5678238760206865,0.9204545454545454,0.12182988502029701,0.0647428035736084,
event_bimodal_7d,16,auto,spline,0.03117453905503118,0.005385795758919287,0.0008558839681012204,0.002734854184472557,0.5678238760206865,0.9204545454545454,0.12182988502029701,0.1623528003692627,
event_bimodal_7d,17,svi,svi,0.5920355623674803,0.1370888979773558,0.016270639434281274,0.04001272286989882,37.84017589347401,0.011363636363636364,-0.018957395345742256,0.126112699508667,
event_bimodal_7d,17,spline,spline,0.024221373250728467,0.003992149289762659,0.000644222971287626,0.0020873576418667383,0.5313846007733418,0.9545454545454546,-0.018957395345742256,0.07557439804077148,
event_bimodal_7d,17,auto,spline,0.024221373250728467,0.003992149289762659,0.000644222971287626,0.0020873576418667383,0.5313846007733418,0.9545454545454546,-0.018957395345742256,0.17341923713684082,
event_bimodal_7d,18,svi,svi,0.590098954145314,0.13668368013498583,0.016196722519905248,0.039737256917394326,37.18576495966836,0.0,0.1528226845382008,0.16413569450378418,
event_bimodal_7d,18,spline,spline,0.025436934886258804,0.003856056929938234,0.000671391463562207,0.0022145235899404536,0.4902976620481065,0.9540229885057471,0.1528226845382008,0.09094667434692383,
event_bimodal_7d,18,auto,spline,0.025436934886258804,0.003856056929938234,0.000671391463562207,0.0022145235899404536,0.4902976620481065,0.9540229885057471,0.1528226845382008,0.23709559440612793,
event_bimodal_7d,19,svi,svi,0.5903248876643489,0.13626771639577812,0.016204553353797318,0.03978154476480206,37.52281661186019,0.011363636363636364,-0.038265743583787426,0.1753981113433838,
event_bimodal_7d,19,spline,spline,0.02898827772559781,0.0033793634791704497,0.0007624415010194166,0.0024370559590887186,0.5368372879013165,0.9545454545454546,-0.038265743583787426,0.06639790534973145,
event_bimodal_7d,19,auto,spline,0.02898827772559781,0.0033793634791704497,0.0007624415010194166,0.0024370559590887186,0.5368372879013165,0.9545454545454546,-0.038265743583787426,0.19409513473510742,
event_bimodal_7d,20,svi,svi,0.5895344951571371,0.13537645704406698,0.016171910685692292,0.03969385919032836,37.64832445925917,0.011627906976744186,-0.023200924245125876,0.1357591152191162,
event_bimodal_7d,20,spline,spline,0.03262129800014816,0.005576806564003833,0.0008864728475079899,0.0033871403542283796,0.47717708831059497,0.9883720930232558,-0.023200924245125876,0.05776476860046387,
event_bimodal_7d,20,auto,spline,0.03262129800014816,0.005576806564003833,0.0008864728475079899,0.0033871403542283796,0.47717708831059497,0.9883720930232558,-0.023200924245125876,0.17459416389465332,
event_bimodal_7d,21,svi,svi,0.5906072168279326,0.13603997178691524,0.016214740871675126,0.039827593571194086,37.71647556691204,0.011494252873563218,-0.2004602582028614,0.10535264015197754,
event_bimodal_7d,21,spline,spline,0.018487895172843827,0.0029304025030070235,0.0004715164697282618,0.001934146157300809,0.5196967564532863,0.9770114942528736,-0.2004602582028614,0.05691671371459961,
event_bimodal_7d,21,auto,spline,0.018487895172843827,0.0029304025030070235,0.0004715164697282618,0.001934146157300809,0.5196967564532863,0.9770114942528736,-0.2004602582028614,0.14857959747314453,
event_bimodal_7d,22,svi,svi,0.5913885400479549,0.13670617009886082,0.016245279415186685,0.0399323042569561,37.692499037106444,0.011235955056179775,0.05703593245476313,0.09030818939208984,
event_bimodal_7d,22,spline,spline,0.02656070128709502,0.004174132572827838,0.000695846695663064,0.0020297674205776994,0.5040193109710207,0.9887640449438202,0.05703593245476313,0.05570030212402344,
event_bimodal_7d,22,auto,spline,0.02656070128709502,0.004174132572827838,0.000695846695663064,0.0020297674205776994,0.5040193109710207,0.9887640449438202,0.05703593245476313,0.1544179916381836,
event_bimodal_7d,23,svi,svi,0.5912059581848494,0.136571669239978,0.016238334585547336,0.03990626665721103,37.4298269282169,0.011111111111111112,-0.026418756757795592,0.12528657913208008,
event_bimodal_7d,23,spline,spline,0.027366843005359555,0.004751718981877706,0.0007221836289179721,0.0028837068385119125,0.5557751715156564,0.9222222222222223,-0.026418756757795592,0.06499075889587402,
event_bimodal_7d,23,auto,spline,0.027366843005359555,0.004751718981877706,0.0007221836289179721,0.0028837068385119125,0.5557751715156564,0.9222222222222223,-0.026418756757795592,0.17902469635009766,
event_bimodal_7d,24,svi,svi,0.5897274853128881,0.13599555080317666,0.01618191475357146,0.0396998546996879,37.49707803814187,0.02247191011235955,-0.07844570878323687,0.12236690521240234,
event_bimodal_7d,24,spline,spline,0.015834097252288463,0.0020311305660405954,0.00039465844693707387,0.0012412685443364269,0.498096423083641,0.9662921348314607,-0.07844570878323687,0.10913467407226562,
event_bimodal_7d,24,auto,spline,0.015834097252288463,0.0020311305660405954,0.00039465844693707387,0.0012412685443364269,0.498096423083641,0.9662921348314607,-0.07844570878323687,0.2801969051361084,
event_bimodal_7d,25,svi,svi,0.5906188471842917,0.13584157264953867,0.01621126924036461,0.03984499667578262,37.39079145654227,0.0,0.2748110611872079,0.1027672290802002,
event_bimodal_7d,25,spline,spline,0.026098871675025097,0.0049621132134366475,0.0006923781564223611,0.0028136682785412925,0.5178086056930771,0.9659090909090909,0.2748110611872079,0.06238698959350586,
event_bimodal_7d,25,auto,spline,0.026098871675025097,0.0049621132134366475,0.0006923781564223611,0.0028136682785412925,0.5178086056930771,0.9659090909090909,0.2748110611872079,0.17536282539367676,
event_bimodal_7d,26,svi,svi,0.5903956796440054,0.13665907933864413,0.0162075110901248,0.03978642443346575,37.447382638463374,0.0,0.2168525364831808,0.11063718795776367,
event_bimodal_7d,26,spline,spline,0.02029603897523063,0.0037253087832489484,0.0005223369169341462,0.0018808453231096145,0.5475950356145938,0.9550561797752809,0.2168525364831808,0.056850433349609375,
event_bimodal_7d,26,auto,spline,0.02029603897523063,0.0037253087832489484,0.0005223369169341462,0.0018808453231096145,0.5475950356145938,0.9550561797752809,0.2168525364831808,0.18106484413146973,
event_bimodal_7d,27,svi,svi,0.590562762187853,0.13618471258020565,0.016212861646210896,0.03982299775986903,37.403951898623816,0.022727272727272728,0.008766883201616338,0.11804318428039551,
event_bimodal_7d,27,spline,spline,0.021925362957425202,0.002969775022339305,0.0005648552521220211,0.0020012290967256208,0.49714110714444204,0.9772727272727273,0.008766883201616338,0.06024813652038574,
event_bimodal_7d,27,auto,spline,0.021925362957425202,0.002969775022339305,0.0005648552521220211,0.0020012290967256208,0.49714110714444204,0.9772727272727273,0.008766883201616338,0.17398357391357422,
event_bimodal_7d,28,svi,svi,0.5913395034302855,0.1365567551787637,0.01624423215154152,0.0399216456596268,37.383519360004826,0.011363636363636364,-0.2122321856456999,0.11389017105102539,
event_bimodal_7d,28,spline,spline,0.02269627164091724,0.003937045407074402,0.0005964656903374876,0.002412815079423203,0.5285342950798593,0.9318181818181818,-0.2122321856456999,0.06707930564880371,
event_bimodal_7d,28,auto,spline,0.02269627164091724,0.003937045407074402,0.0005964656903374876,0.002412815079423203,0.5285342950798593,0.9318181818181818,-0.2122321856456999,0.1791069507598877,
event_bimodal_7d,29,svi,svi,0.5915668158983131,0.13708726773206698,0.016253447392972555,0.03994421650370178,37.44829153659682,0.022988505747126436,0.03274425645960477,0.12041831016540527,
event_bimodal_7d,29,spline,spline,0.01816645300151468,0.0021949096626833753,0.00042187767490963667,0.0015567913139367673,0.558293379236698,0.9425287356321839,0.03274425645960477,0.062224388122558594,
event_bimodal_7d,29,auto,spline,0.01816645300151468,0.0021949096626833753,0.00042187767490963667,0.0015567913139367673,0.558293379236698,0.9425287356321839,0.03274425645960477,0.19182682037353516,
fat_tail_0dte,0,svi,svi,0.040166178553987034,0.006050567404520479,0.0015906106731291103,0.002997278454248631,0.4890557525944746,0.9459459459459459,0.06289370369172431,0.06575202941894531,
fat_tail_0dte,0,spline,spline,0.027082061412961416,0.003491391475938299,0.0014170683685123353,0.0026643727253781724,0.5183550947945611,0.972972972972973,0.06289370369172431,0.045035600662231445,
fat_tail_0dte,0,auto,svi,0.040166178553987034,0.006050567404520479,0.0015906106731291103,0.002997278454248631,0.4890557525944746,0.9459459459459459,0.06289370369172431,0.10617518424987793,
fat_tail_0dte,1,svi,svi,0.03751831437840025,0.004498503708469048,0.001550384362787784,0.001986632206876539,0.5203929724108806,0.9210526315789473,-0.08304581264328981,0.07395505905151367,
fat_tail_0dte,1,spline,spline,0.01766135114870162,0.002748801154251329,0.0013135875248015088,0.002192780137322471,0.4706613215429587,0.9473684210526315,-0.08304581264328981,0.04631638526916504,
fat_tail_0dte,1,auto,spline,0.01766135114870162,0.002748801154251329,0.0013135875248015088,0.002192780137322471,0.4706613215429587,0.9473684210526315,-0.08304581264328981,0.11600208282470703,
fat_tail_0dte,2,svi,svi,0.03847510506671785,0.005517809078057212,0.0014827004660033188,0.0024817994993636683,0.4906923176195486,0.9210526315789473,-0.1350211724437944,0.08568859100341797,
fat_tail_0dte,2,spline,spline,0.02679318055466874,0.0035656895463174187,0.0017873785337931092,0.0036737954812439133,0.5412755862034531,0.9736842105263158,-0.1350211724437944,0.04918241500854492,
fat_tail_0dte,2,auto,svi,0.03847510506671785,0.005517809078057212,0.0014827004660033188,0.0024817994993636683,0.4906923176195486,0.9210526315789473,-0.1350211724437944,0.12921524047851562,
fat_tail_0dte,3,svi,svi,0.0412219329700365,0.0053488512362035445,0.0012681427772806108,0.0022389663330458776,0.6583040093630826,0.8717948717948718,-0.010506908191265651,0.1301860809326172,
fat_tail_0dte,3,spline,spline,0.01932769201095731,0.00241439961350709,0.001320759680529342,0.002551104402035098,0.5532554400134164,0.9230769230769231,-0.010506908191265651,0.07475113868713379,
fat_tail_0dte,3,auto,spline,0.01932769201095731,0.00241439961350709,0.001320759680529342,0.002551104402035098,0.5532554400134164,0.9230769230769231,-0.010506908191265651,0.23868036270141602,
fat_tail_0dte,4,svi,svi,0.0373594755915469,0.0042015802528886925,0.0012585137064878532,0.0017441092403148728,0.5937705608351139,0.8780487804878049,-0.033803748924476906,0.09257102012634277,
fat_tail_0dte,4,spline,spline,0.01407371619540396,0.001657538497205166,0.0010082862397651176,0.0017247096157116393,0.5029903167570857,0.9512195121951219,-0.033803748924476906,0.05042624473571777,
fat_tail_0dte,4,auto,spline,0.01407371619540396,0.001657538497205166,0.0010082862397651176,0.0017247096157116393,0.5029903167570857,0.9512195121951219,-0.033803748924476906,0.13180112838745117,
fat_tail_0dte,5,svi,svi,0.04313437983154027,0.0056115771824115646,0.001627480615108905,0.002958504697418596,0.5671432481043536,0.9210526315789473,0.009154131170863167,0.08340191841125488,
fat_tail_0dte,5,spline,spline,0.022787113620580272,0.0026929577875931254,0.0013714260500148029,0.0025504862526490313,0.47724723536565344,0.9736842105263158,0.009154131170863167,0.04852008819580078,
fat_tail_0dte,5,auto,spline,0.022787113620580272,0.0026929577875931254,0.0013714260500148029,0.0025504862526490313,0.47724723536565344,0.9736842105263158,0.009154131170863167,0.13257646560668945,
fat_tail_0dte,6,svi,svi,0.03490058105770389,0.003739231155969802,0.0018034490952730342,0.0024213752132523636,0.558402860897743,0.9487179487179487,0.06915265580165197,0.08038997650146484,
fat_tail_0dte,6,spline,spline,0.02121194104216938,0.0031292467757414455,0.0019244145037650667,0.005092876097016752,0.4678703366742643,0.9487179487179487,0.06915265580165197,0.048545122146606445,
fat_tail_0dte,6,auto,spline,0.02121194104216938,0.0031292467757414455,0.0019244145037650667,0.005092876097016752,0.4678703366742643,0.9487179487179487,0.06915265580165197,0.12851214408874512,
fat_tail_0dte,7,svi,svi,0.04002506035502306,0.004636485107112065,0.0013017055700248015,0.0021217700122884153,0.6676055073919543,0.8157894736842105,0.01137317175325947,0.08044767379760742,
fat_tail_0dte,7,spline,spline,0.015394200351480453,0.002062207504447522,0.0011898647425518344,0.0023747221427897758,0.5487274758641877,0.8947368421052632,0.01137317175325947,0.04424309730529785,
fat_tail_0dte,7,auto,spline,0.015394200351480453,0.002062207504447522,0.0011898647425518344,0.0023747221427897758,0.5487274758641877,0.8947368421052632,0.01137317175325947,0.12606549263000488,
fat_tail_0dte,8,svi,svi,0.037758618933507807,0.005115357911891161,0.0015160124503027467,0.002318423255358304,0.5624925822822444,0.9210526315789473,0.08185017260631255,0.0842890739440918,
fat_tail_0dte,8,spline,spline,0.020188792101333442,0.003718101537024121,0.0018002634741980622,0.005063372013604128,0.451358155086576,0.9473684210526315,0.08185017260631255,0.05157184600830078,
fat_tail_0dte,8,auto,spline,0.020188792101333442,0.003718101537024121,0.0018002634741980622,0.005063372013604128,0.451358155086576,0.9473684210526315,0.08185017260631255,0.13026905059814453,
fat_tail_0dte,9,svi,svi,0.042906769525665356,0.006284926302761562,0.0013174325381551072,0.002238145900653077,0.610580351764946,0.9512195121951219,-0.05375760188219836,0.07779574394226074,
fat_tail_0dte,9,spline,spline,0.022328922038883533,0.0024886575080341755,0.0013727235941444582,0.002614629628644116,0.5448426310090243,0.975609756097561,-0.05375760188219836,0.04855537414550781,
fat_tail_0dte,9,auto,spline,0.022328922038883533,0.0024886575080341755,0.0013727235941444582,0.002614629628644116,0.5448426310090243,0.975609756097561,-0.05375760188219836,0.1756734848022461,
fat_tail_0dte,10,svi,svi,0.04418905682004171,0.0059548009286522485,0.001059884234397453,0.002251620745899907,0.5228654776400448,0.926829268292683,0.008244697899950637,0.07538938522338867,
fat_tail_0dte,10,spline,spline,0.02817370190056262,0.0033588121797496484,0.001607810924724683,0.003161435126223855,0.47013663721154597,0.9512195121951219,0.008244697899950637,0.05095934867858887,
fat_tail_0dte,10,auto,spline,0.02817370190056262,0.0033588121797496484,0.001607810924724683,0.003161435126223855,0.47013663721154597,0.9512195121951219,0.008244697899950637,0.12281060218811035,
fat_tail_0dte,11,svi,svi,0.03804914004967516,0.005854413217761145,0.0020275072431202956,0.004720098035209064,0.5431956803089885,0.9473684210526315,0.08922914968012563,0.07814383506774902,
fat_tail_0dte,11,spline,spline,0.02491476158817878,0.0038525663494534124,0.002145865565666909,0.006056674508080839,0.5697875079132045,0.868421052631579,0.08922914968012563,0.05128931999206543,
fat_tail_0dte,11,auto,svi,0.03804914004967516,0.005854413217761145,0.0020275072431202956,0.004720098035209064,0.5431956803089885,0.9473684210526315,0.08922914968012563,0.12969470024108887,
fat_tail_0dte,12,svi,svi,0.045750016304284234,0.007278575175420632,0.0014544307775138893,0.0022096028432588843,0.6953107501260172,0.7837837837837838,-0.04346950548850259,0.07001566886901855,
fat_tail_0dte,12,spline,spline,0.019502232542322653,0.002930284486345802,0.0011536416644060093,0.002074336160045598,0.5673922605419297,0.8918918918918919,-0.04346950548850259,0.045784711837768555,
fat_tail_0dte,12,auto,spline,0.019502232542322653,0.002930284486345802,0.0011536416644060093,0.002074336160045598,0.5673922605419297,0.8918918918918919,-0.04346950548850259,0.11704683303833008,
fat_tail_0dte,13,svi,svi,0.042372951365170594,0.005905947124349997,0.0013141640586202224,0.002316202638581566,0.5956320003992248,0.9210526315789473,-0.014252826897598325,0.0744473934173584,
fat_tail_0dte,13,spline,spline,0.02034449302701586,0.0026122217613699927,0.00105868902205616,0.002439052633729455,0.5122235546626107,0.9210526315789473,-0.014252826897598325,0.04587864875793457,
fat_tail_0dte,13,auto,spline,0.02034449302701586,0.0026122217613699927,0.00105868902205616,0.002439052633729455,0.5122235546626107,0.9210526315789473,-0.014252826897598325,0.1222696304321289,
fat_tail_0dte,14,svi,svi,0.045979524751333975,0.007217739503845966,0.00133459429464788,0.0022055781097538585,0.5697746976012765,0.868421052631579,-0.05961502134610441,0.0698404312133789,
fat_tail_0dte,14,spline,spline,0.025101904184118506,0.004335434237132452,0.0010078231777301094,0.0020204641789748137,0.48442313905373735,0.9473684210526315,-0.05961502134610441,0.04570198059082031,
fat_tail_0dte,14,auto,spline,0.025101904184118506,0.004335434237132452,0.0010078231777301094,0.0020204641789748137,0.48442313905373735,0.9473684210526315,-0.05961502134610441,0.11705398559570312,
fat_tail_0dte,15,svi,svi,0.04297132225954574,0.006066631565813774,0.0012142595011007079,0.0021328439671837174,0.4939245650168138,0.9736842105263158,0.009411320869290307,0.06694555282592773,
fat_tail_0dte,15,spline,spline,0.0319181112570262,0.0033475081731864087,0.0014300524879068649,0.0028842107234615666,0.5652383416508152,0.9210526315789473,0.009411320869290307,0.04618239402770996,
fat_tail_0dte,15,auto,svi,0.04297132225954574,0.006066631565813774,0.0012142595011007079,0.0021328439671837174,0.4939245650168138,0.9736842105263158,0.009411320869290307,0.12173986434936523,
fat_tail_0dte,16,svi,svi,0.03977392781554292,0.0065954329468052575,0.0016949897838479488,0.003347472161506937,0.5962950646213512,0.8947368421052632,0.06432626686425635,0.08682513236999512,
fat_tail_0dte,16,spline,spline,0.025639083790105814,0.005202675606591989,0.0019714074561377848,0.005738605042315104,0.5209614978875107,0.9473684210526315,0.06432626686425635,0.05930685997009277,
fat_tail_0dte,16,auto,spline,0.025639083790105814,0.005202675606591989,0.0019714074561377848,0.005738605042315104,0.5209614978875107,0.9473684210526315,0.06432626686425635,0.12848401069641113,
fat_tail_0dte,17,svi,svi,0.04513000406601865,0.00647547215307237,0.0010669535961778903,0.0022434416043281002,0.5541612242477143,0.9210526315789473,0.006320950916016699,0.07294964790344238,
fat_tail_0dte,17,spline,spline,0.029757071973391794,0.0032493898043827185,0.00122138558179324,0.0024516278567272565,0.5752435580856998,0.9210526315789473,0.006320950916016699,0.04703354835510254,
fat_tail_0dte,17,auto,svi,0.04513000406601865,0.00647547215307237,0.0010669535961778903,0.0022434416043281002,0.5541612242477143,0.9210526315789473,0.006320950916016699,0.12261676788330078,
fat_tail_0dte,18,svi,svi,0.0482136778581108,0.008141823763351597,0.0019743723545747843,0.0036751144998198315,0.5174091640665631,0.9743589743589743,0.042416837671144236,0.08673501014709473,
fat_tail_0dte,18,spline,spline,0.031932382470119036,0.004513025753592137,0.0016994003374448496,0.0037177720425355942,0.5643239544285975,0.9487179487179487,0.042416837671144236,0.06314682960510254,
fat_tail_0dte,18,auto,svi,0.0482136778581108,0.008141823763351597,0.0019743723545747843,0.0036751144998198315,0.5174091640665631,0.9743589743589743,0.042416837671144236,0.12420892715454102,
fat_tail_0dte,19,svi,svi,0.039764373926218524,0.005672330920726054,0.001493826878332254,0.002613594198962288,0.44553862383393417,0.9736842105263158,0.03558468214759358,0.08253765106201172,
fat_tail_0dte,19,spline,spline,0.030086857417407,0.0036088845496496935,0.0016559066369211078,0.002762650335834539,0.5740853171742174,0.9473684210526315,0.03558468214759358,0.05027437210083008,
fat_tail_0dte,19,auto,svi,0.039764373926218524,0.005672330920726054,0.001493826878332254,0.002613594198962288,0.44553862383393417,0.9736842105263158,0.03558468214759358,0.1233377456665039,
fat_tail_0dte,20,svi,svi,0.038375436462809887,0.005598761183916445,0.001625772997623075,0.0030908318562730686,0.6033479321647471,0.8974358974358975,0.09902597699840143,0.09752225875854492,
fat_tail_0dte,20,spline,spline,0.020124409823631825,0.003363673785747756,0.0018225452002852516,0.004786951708148635,0.5159912600117108,0.9230769230769231,0.09902597699840143,0.058390140533447266,
fat_tail_0dte,20,auto,spline,0.020124409823631825,0.003363673785747756,0.0018225452002852516,0.004786951708148635,0.5159912600117108,0.9230769230769231,0.09902597699840143,0.15474176406860352,
fat_tail_0dte,21,svi,svi,0.04713111365846572,0.00755246364215878,0.0013151666214117857,0.0022713973158557943,0.6743880443793694,0.875,0.09110357783281842,0.07656288146972656,
fat_tail_0dte,21,spline,spline,0.023163889740292144,0.0035629972008126565,0.0018567880511730877,0.0036707589866742385,0.5643767695020956,0.95,0.09110357783281842,0.050788164138793945,
fat_tail_0dte,21,auto,spline,0.023163889740292144,0.0035629972008126565,0.0018567880511730877,0.0036707589866742385,0.5643767695020956,0.95,0.09110357783281842,0.11122941970825195,
fat_tail_0dte,22,svi,svi,0.041196184122286955,0.004737995142710227,0.0013463961169776733,0.0022658162153650144,0.58438325669824,0.8947368421052632,0.004633827030975368,0.07385015487670898,
fat_tail_0dte,22,spline,spline,0.022122434563680148,0.0025359128873326253,0.0013577172930314785,0.002367101450356013,0.5153733480164584,0.9736842105263158,0.004633827030975368,0.04619550704956055,
fat_tail_0dte,22,auto,spline,0.022122434563680148,0.0025359128873326253,0.0013577172930314785,0.002367101450356013,0.5153733480164584,0.9736842105263158,0.004633827030975368,0.11486697196960449,
fat_tail_0dte,23,svi,svi,0.04446109511095353,0.006463135571075251,0.0012311658631268085,0.0022704786679340616,0.5176831393010826,0.95,-0.03698367631144173,0.08726620674133301,
fat_tail_0dte,23,spline,spline,0.029234504227066194,0.004261171506110495,0.0011177598206737849,0.0021624013420047383,0.4797342808716444,0.95,-0.03698367631144173,0.05714917182922363,
fat_tail_0dte,23,auto,spline,0.029234504227066194,0.004261171506110495,0.0011177598206737849,0.0021624013420047383,0.4797342808716444,0.95,-0.03698367631144173,0.1263430118560791,
fat_tail_0dte,24,svi,svi,0.04074919652453096,0.005236106751083214,0.0011969015706790142,0.00206667578805686,0.5358534797424156,0.975609756097561,0.0055709164992201465,0.07581472396850586,
fat_tail_0dte,24,spline,spline,0.026474724085595668,0.0037899338960860063,0.0016967061152812174,0.002864150900297513,0.5728524170945558,0.9024390243902439,0.0055709164992201465,0.04978680610656738,
fat_tail_0dte,24,auto,svi,0.04074919652453096,0.005236106751083214,0.0011969015706790142,0.00206667578805686,0.5358534797424156,0.975609756097561,0.0055709164992201465,0.1199333667755127,
fat_tail_0dte,25,svi,svi,0.045191313456114435,0.006648496871023313,0.0011563816463606813,0.002068782923247414,0.5841047998797692,0.8974358974358975,0.006627088944277659,0.07282423973083496,
fat_tail_0dte,25,spline,spline,0.026241049816870733,0.003120870746160964,0.0014150648916567104,0.002147243932728804,0.525084767858728,0.9487179487179487,0.006627088944277659,0.04485821723937988,
fat_tail_0dte,25,auto,spline,0.026241049816870733,0.003120870746160964,0.0014150648916567104,0.002147243932728804,0.525084767858728,0.9487179487179487,0.006627088944277659,0.11217451095581055,
fat_tail_0dte,26,svi,svi,0.04014524024956817,0.004645450980817478,0.0012327486110254404,0.002076995244933301,0.6219643759274758,0.8461538461538461,-0.026143671139067237,0.06979751586914062,
fat_tail_0dte,26,spline,spline,0.017784405876019656,0.0022102119561181743,0.0009561505242926221,0.002039767378352965,0.5258786177887148,0.9743589743589743,-0.026143671139067237,0.04513239860534668,
fat_tail_0dte,26,auto,spline,0.017784405876019656,0.0022102119561181743,0.0009561505242926221,0.002039767378352965,0.5258786177887148,0.9743589743589743,-0.026143671139067237,0.13910126686096191,
fat_tail_0dte,27,svi,svi,0.0404774172647816,0.005037769141316151,0.0012186359447333805,0.002151373506913523,0.5807869037374741,0.925,0.011626696347910581,0.0845637321472168,
fat_tail_0dte,27,spline,spline,0.02034387484079167,0.002479364088214253,0.0016187487124324457,0.0031657880805113225,0.4712600759228015,1.0,0.011626696347910581,0.05047774314880371,
fat_tail_0dte,27,auto,spline,0.02034387484079167,0.002479364088214253,0.0016187487124324457,0.0031657880805113225,0.4712600759228015,1.0,0.011626696347910581,0.12955570220947266,
fat_tail_0dte,28,svi,svi,0.04627093014949707,0.007201259419726325,0.0014532605982557584,0.002256007597238853,0.6243569820877796,0.868421052631579,0.022582234810997193,0.07671952247619629,
fat_tail_0dte,28,spline,spline,0.031403672278353695,0.005110702920441079,0.0010076250123371255,0.0020911659547442132,0.5654580495000047,0.9473684210526315,0.022582234810997193,0.04888105392456055,
fat_tail_0dte,28,auto,spline,0.031403672278353695,0.005110702920441079,0.0010076250123371255,0.0020911659547442132,0.5654580495000047,0.9473684210526315,0.022582234810997193,0.11881208419799805,
fat_tail_0dte,29,svi,svi,0.04352268349961638,0.005996757838413469,0.0010884113611306467,0.0021705051491985664,0.5063595026619674,0.926829268292683,-0.05004639129335686,0.08068132400512695,
fat_tail_0dte,29,spline,spline,0.02620857700319825,0.0028683709501393234,0.0014060221691042751,0.0025981671580109778,0.45839665443780747,0.975609756097561,-0.05004639129335686,0.05001235008239746,
fat_tail_0dte,29,auto,spline,0.02620857700319825,0.0028683709501393234,0.0014060221691042751,0.0025981671580109778,0.45839665443780747,0.975609756097561,-0.05004639129335686,0.125014066696167,
