case,method,n,l1,ks,bucket_mae_pp,bucket_max_pp,rmse_hs,inside,F_err_bp,chose_spline,failures
event_bimodal_7d,auto,30,0.023811636869969788,0.003602416990554245,0.06179412689750744,0.22273999545716275,0.5287537251562446,0.9529672299282285,0.11954121143620267,1.0,0
event_bimodal_7d,spline,30,0.023811636869969788,0.003602416990554245,0.06179412689750744,0.22273999545716275,0.5287537251562446,0.9529672299282285,0.11954121143620267,1.0,0
event_bimodal_7d,svi,30,0.5906983946734033,0.13629364484530923,1.6218323872465812,3.9839535469868586,37.67041174818281,0.010616340944138896,0.11954121143620267,0.0,0
fat_tail_0dte,auto,30,0.02739603201427815,0.003929325651481901,0.1423541733764303,0.29186255156588636,0.5137984513395346,0.9498751976030538,0.042592479869929534,0.7333333333333333,0
fat_tail_0dte,spline,30,0.023910703762762945,0.0032761001412892426,0.14570961119043785,0.30567724665384377,0.5230231328731194,0.9439736013291854,0.042592479869929534,1.0,0
fat_tail_0dte,svi,30,0.041772700732623194,0.005842875106077494,0.14072085436070286,0.24637145960780316,0.5684589728528151,0.911244054857662,0.042592479869929534,0.0,0
heston_30d,auto,30,0.005310545382856141,0.0011035858357110442,0.006154575965473913,0.027225768057266286,0.5441426065427546,0.9544292044021976,0.23080268812854707,1.0,0
heston_30d,spline,30,0.005310545382856141,0.0011035858357110442,0.006154575965473913,0.027225768057266286,0.5441426065427546,0.9544292044021976,0.23080268812854707,1.0,0
heston_30d,svi,30,0.014011835930443325,0.002789145644806949,0.016863155512662067,0.06503496423054737,0.9480874250669665,0.6772935828039378,0.23080268812854707,0.0,0
lognormal_30d,auto,30,0.0009803043383933264,0.00035726072962148257,0.0013856387601473355,0.014557095534455748,0.5217607874232519,0.9733768085359995,0.19813951789097542,0.4666666666666667,0
lognormal_30d,spline,30,0.0007128840051886046,0.0002649783438317103,0.0009525881292942795,0.0026154348629890225,0.532224003910877,0.9759983288762246,0.19813951789097542,1.0,0
lognormal_30d,svi,30,0.0008323894093470805,0.0003286489324266514,0.0011829558985458769,0.013581813365429175,0.5217607874232519,0.9737555964147874,0.19813951789097542,0.0,0
